{"cameraMode":{"drawMode":0,"name":"Shaded","section":"Shading Mode"},"sceneLighting":true,"audioPlay":false,"sceneViewState":{"m_AlwaysRefresh":false,"showFog":true,"showSkybox":true,"showFlares":true,"showImageEffects":true,"showParticleSystems":true,"showVisualEffectGraphs":true,"m_FxEnabled":true},"in2DMode":false,"pivot":{"x":-2.1531529426574709,"y":1.9301934242248536,"z":2.4658255577087404},"rotation":{"x":-0.030365915969014169,"y":0.891901969909668,"z":-0.06057237461209297,"w":-0.4471239745616913},"size":4.265621185302734,"orthographic":false}